URL,Name,Region,Origin
https://awoiaf.westeros.org/index.php/House_of_Ullhor,Ullhor,Astapor,Ghiscari
https://awoiaf.westeros.org/index.php/House_of_Nakloz,Nakloz,Astapor,Ghiscari
https://awoiaf.westeros.org/index.php/House_Otherys,Otherys,Braavos,Braavosi
https://awoiaf.westeros.org/index.php/House_Otharys,Otharys,Braavos,Braavosi
https://awoiaf.westeros.org/index.php/House_Antaryon,Antaryon,Braavos,Braavosi
https://awoiaf.westeros.org/index.php/House_Prestayn,Prestayn,Braavos,Braavosi
https://awoiaf.westeros.org/index.php/House_Fregar,Fregar,Braavos,Braavosi
https://awoiaf.westeros.org/index.php/House_Reyaan,Reyaan,Braavos,Braavosi
https://awoiaf.westeros.org/index.php/House_Follard,Follard,Crownlands,Andal
https://awoiaf.westeros.org/index.php/House_Wendwater,Wendwater,Crownlands,Andal
https://awoiaf.westeros.org/index.php/House_Targaryen,Targaryen of King's Landing,Crownlands,Valyrian
https://awoiaf.westeros.org/index.php/House_Manning,Manning,Crownlands,Andal
https://awoiaf.westeros.org/index.php/House_Mallery,Mallery,Crownlands,Andal
https://awoiaf.westeros.org/index.php/House_Rambton,Rambton,Crownlands,Andal
https://awoiaf.westeros.org/index.php/House_Darklyn,Darklyn of Duskendale,Crownlands,Andal
https://awoiaf.westeros.org/index.php/House_Darke,Darke,Crownlands,Andal
https://awoiaf.westeros.org/index.php/House_Dargood,Dargood,Crownlands,Andal
https://awoiaf.westeros.org/index.php/House_Longwaters,Longwaters,Crownlands,Andal
https://awoiaf.westeros.org/index.php/House_Byrch,Byrch,Crownlands,Andal
https://awoiaf.westeros.org/index.php/House_Cressey,Cressey,Crownlands,Andal
https://awoiaf.westeros.org/index.php/House_Chyttering,Chyttering,Crownlands,Andal
https://awoiaf.westeros.org/index.php/House_Rollingford,Rollingford,Crownlands,Andal
https://awoiaf.westeros.org/index.php/House_Rosby,Rosby of Rosby,Crownlands,Andal
https://awoiaf.westeros.org/index.php/House_Thorne,Thorne,Crownlands,Andal
https://awoiaf.westeros.org/index.php/House_Kettleblack,Kettleblack,Crownlands,Andal
https://awoiaf.westeros.org/index.php/House_Gaunt,Gaunt,Crownlands,Andal
https://awoiaf.westeros.org/index.php/House_Buckwell,Buckwell of the Antlers,Crownlands,Andal
https://awoiaf.westeros.org/index.php/House_Blount,Blount,Crownlands,Andal
https://awoiaf.westeros.org/index.php/House_Bywater,Bywater,Crownlands,Andal
https://awoiaf.westeros.org/index.php/House_Darkwood,Darkwood,Crownlands,Andal
https://awoiaf.westeros.org/index.php/House_Chelsted,Chelsted,Crownlands,Andal
https://awoiaf.westeros.org/index.php/House_Harte,Harte,Crownlands,Andal
https://awoiaf.westeros.org/index.php/House_Langward,Langward,Crownlands,Andal
https://awoiaf.westeros.org/index.php/House_Staunton,Staunton of Rook's Rest,Crownlands,Andal
https://awoiaf.westeros.org/index.php/House_Stokeworth,Stokeworth of Stokeworth,Crownlands,Andal
https://awoiaf.westeros.org/index.php/House_Farring,Farring,Crownlands,Andal
https://awoiaf.westeros.org/index.php/House_Hayford,Hayford of Hayford,Crownlands,Andal
https://awoiaf.westeros.org/index.php/House_Edgerton,Edgerton,Crownlands,Andal
https://awoiaf.westeros.org/index.php/House_Rykker,Rykker of Duskendale,Crownlands,Andal
https://awoiaf.westeros.org/index.php/House_Baratheon_of_King%27s_Landing,Baratheon of King's Landing,Crownlands,Andal
https://awoiaf.westeros.org/index.php/House_Hollard,Hollard,Crownlands,Andal
https://awoiaf.westeros.org/index.php/House_Massey,Massey of Stonedance,Crownlands,Andal
https://awoiaf.westeros.org/index.php/House_Hogg,Hogg of Sow's Horn,Crownlands,Andal
https://awoiaf.westeros.org/index.php/House_Pyle,Pyle,Crownlands,Andal
https://awoiaf.westeros.org/index.php/House_Cargyll,Cargyll,Crownlands,Andal
https://awoiaf.westeros.org/index.php/House_Blackfyre,Blackfyre,Crownlands,Valyrian
https://awoiaf.westeros.org/index.php/House_Boggs,Boggs,Crownlands (Crackclaw Point),Andal
https://awoiaf.westeros.org/index.php/House_Pyne,Pyne,Crownlands (Crackclaw Point),Andal
https://awoiaf.westeros.org/index.php/House_Cave,Cave,Crownlands (Crackclaw Point),Andal
https://awoiaf.westeros.org/index.php/House_Brune_of_the_Dyre_Den,Brune of the Dyre Den,Crownlands (Crackclaw Point),Andal
https://awoiaf.westeros.org/index.php/House_Crabb,Crabb of the Whispers,Crownlands (Crackclaw Point),Andal
https://awoiaf.westeros.org/index.php/House_Hardy,Hardy,Crownlands (Crackclaw Point),Andal
https://awoiaf.westeros.org/index.php/House_Brune_of_Brownhollow,Brune of Brownhollow,Crownlands (Crackclaw Point),Andal
https://awoiaf.westeros.org/index.php/House_Velaryon,Velaryon of Driftmark,Crownlands (Dragonstone),Valyrian
https://awoiaf.westeros.org/index.php/House_Baratheon_of_Dragonstone,Baratheon of Dragonstone,Crownlands (Dragonstone),Andal
https://awoiaf.westeros.org/index.php/House_Sunglass,Sunglass of Sweetport Sound,Crownlands (Dragonstone),Andal
https://awoiaf.westeros.org/index.php/House_Bar_Emmon,Bar Emmon of Sharp Point,Crownlands (Dragonstone),Andal
https://awoiaf.westeros.org/index.php/House_Celtigar,Celtigar of Claw Isle,Crownlands (Dragonstone),Valyrian
https://awoiaf.westeros.org/index.php/House_Slynt,Slynt of Harrenhal,Crownlands (origin); Riverlands (deposed),Andal
https://awoiaf.westeros.org/index.php/House_Hull,Hull,Dorne,Andal
https://awoiaf.westeros.org/index.php/House_Holt_(Dorne),Holt,Dorne,Andal
https://awoiaf.westeros.org/index.php/House_Dalt,Dalt of Lemonwood,Dorne,Andal
https://awoiaf.westeros.org/index.php/House_Dayne_of_High_Hermitage,Dayne of High Hermitage,Dorne,First Men
https://awoiaf.westeros.org/index.php/House_Dayne,Dayne of Starfall,Dorne,First Men
https://awoiaf.westeros.org/index.php/House_Drinkwater,Drinkwater,Dorne,Andal
https://awoiaf.westeros.org/index.php/House_Dryland,Dryland of Hellgate Hall,Dorne,Andal
https://awoiaf.westeros.org/index.php/House_Santagar,Santagar of Spottswood,Dorne,Andal
https://awoiaf.westeros.org/index.php/House_Fowler,Fowler of Skyreach,Dorne,Andal
https://awoiaf.westeros.org/index.php/House_Shell_(Dorne),Shell,Dorne,Andal
https://awoiaf.westeros.org/index.php/House_Gargalen,Gargalen of Salt Shore,Dorne,Andal
https://awoiaf.westeros.org/index.php/House_Jordayne,Jordayne of the Tor,Dorne,Andal
https://awoiaf.westeros.org/index.php/House_Toland,Toland of Ghost Hill,Dorne,Andal
https://awoiaf.westeros.org/index.php/House_Wyl,Wyl of the Boneway,Dorne,Andal
https://awoiaf.westeros.org/index.php/House_Lake_(Dorne),Lake,Dorne,Andal
https://awoiaf.westeros.org/index.php/House_Martell,Martell of Sunspear,Dorne,Rhoynar
https://awoiaf.westeros.org/index.php/House_Blackmont,Blackmont of Blackmont,Dorne,Andal
https://awoiaf.westeros.org/index.php/House_Ladybright,Ladybright,Dorne,Andal
https://awoiaf.westeros.org/index.php/House_Manwoody,Manwoody of Kingsgrave,Dorne,Andal
https://awoiaf.westeros.org/index.php/House_Qorgyle,Qorgyle of Sandstone,Dorne,Andal
https://awoiaf.westeros.org/index.php/House_Wells_(Dorne),Wells,Dorne,Andal
https://awoiaf.westeros.org/index.php/House_Yronwood,Yronwood of Yronwood,Dorne,Andal
https://awoiaf.westeros.org/index.php/House_Briar,Briar,Dorne,Andal
https://awoiaf.westeros.org/index.php/House_Vaith,Vaith of the Red Dunes,Dorne,Andal
https://awoiaf.westeros.org/index.php/House_Brook,Brook,Dorne,Andal
https://awoiaf.westeros.org/index.php/House_Wade,Wade,Dorne,Andal
https://awoiaf.westeros.org/index.php/House_Allyrion,Allyrion of Godsgrace,Dorne,Andal
https://awoiaf.westeros.org/index.php/House_Brownhill,Brownhill,Dorne,Andal
https://awoiaf.westeros.org/index.php/House_Uller,Uller of the Hellholt,Dorne,Andal
https://awoiaf.westeros.org/index.php/House_Shepherd,Shepherd,Iron Islands,Ironborn
https://awoiaf.westeros.org/index.php/House_Goodbrother,Goodbrother of Hammerhorn,Iron Islands,Ironborn
https://awoiaf.westeros.org/index.php/House_Goodbrother_of_Shatterstone,Goodbrother of Shatterstone,Iron Islands,Ironborn
https://awoiaf.westeros.org/index.php/House_Goodbrother_of_Orkmont,Goodbrother of Orkmont,Iron Islands,Ironborn
https://awoiaf.westeros.org/index.php/House_Weaver,Weaver,Iron Islands,Ironborn
https://awoiaf.westeros.org/index.php/House_Stonetree,Stonetree of Harlaw,Iron Islands,Ironborn
https://awoiaf.westeros.org/index.php/House_Stonehouse,Stonehouse of Old Wyk,Iron Islands,Ironborn
https://awoiaf.westeros.org/index.php/House_Farwynd,Farwynd of Sealskin Point,Iron Islands,Ironborn
https://awoiaf.westeros.org/index.php/House_Goodbrother_of_Downdelving,Goodbrother of Downdelving,Iron Islands,Ironborn
https://awoiaf.westeros.org/index.php/House_Goodbrother_of_Crow_Spike_Keep,Goodbrother of Crow Spike Keep,Iron Islands,Ironborn
https://awoiaf.westeros.org/index.php/House_Farwynd_of_the_Lonely_Light,Farwynd of the Lonely Light,Iron Islands,Ironborn
https://awoiaf.westeros.org/index.php/House_Goodbrother_of_Corpse_Lake,Goodbrother of Corpse Lake,Iron Islands,Ironborn
https://awoiaf.westeros.org/index.php/House_Saltcliffe,Saltcliffe of Saltcliffe,Iron Islands,Ironborn
https://awoiaf.westeros.org/index.php/House_Wynch,Wynch of Iron Holt,Iron Islands,Ironborn
https://awoiaf.westeros.org/index.php/House_Harlaw_of_the_Tower_of_Glimmering,Harlaw of the Tower of Glimmering,Iron Islands,Ironborn
https://awoiaf.westeros.org/index.php/House_Harlaw,Harlaw of Harlaw,Iron Islands,Ironborn
https://awoiaf.westeros.org/index.php/House_Sparr,Sparr of Great Wyk,Iron Islands,Ironborn
https://awoiaf.westeros.org/index.php/House_Harlaw_of_Harridan_Hill,Harlaw of Harridan Hill,Iron Islands,Ironborn
https://awoiaf.westeros.org/index.php/House_Merlyn,Merlyn of Pebbleton,Iron Islands,Ironborn
https://awoiaf.westeros.org/index.php/House_Myre,Myre of Harlaw,Iron Islands,Ironborn
https://awoiaf.westeros.org/index.php/House_Netley,Netley,Iron Islands,Ironborn
https://awoiaf.westeros.org/index.php/House_Sharp,Sharp,Iron Islands,Ironborn
https://awoiaf.westeros.org/index.php/House_Greyjoy,Greyjoy of Pyke,Iron Islands,Ironborn
https://awoiaf.westeros.org/index.php/House_Greyiron,Greyiron of Orkmont,Iron Islands,Ironborn
https://awoiaf.westeros.org/index.php/House_Orkwood,Orkwood of Orkmont,Iron Islands,Ironborn
https://awoiaf.westeros.org/index.php/House_Harlaw_of_Harlaw_Hall,Harlaw of Harlaw Hall,Iron Islands,Ironborn
https://awoiaf.westeros.org/index.php/House_Sunderly,Sunderly of Saltcliffe,Iron Islands,Ironborn
https://awoiaf.westeros.org/index.php/House_Humble,Humble,Iron Islands,Ironborn
https://awoiaf.westeros.org/index.php/House_Codd,Codd,Iron Islands,Ironborn
https://awoiaf.westeros.org/index.php/House_Ironmaker,Ironmaker,Iron Islands,Ironborn
https://awoiaf.westeros.org/index.php/House_Tawney,Tawney of Orkmont,Iron Islands,Ironborn
https://awoiaf.westeros.org/index.php/House_Drumm,Drumm of Old Wyk,Iron Islands,Ironborn
https://awoiaf.westeros.org/index.php/House_Botley,Botley of Lordsport,Iron Islands,Ironborn
https://awoiaf.westeros.org/index.php/House_Blacktyde,Blacktyde of Blacktyde,Iron Islands,Ironborn
https://awoiaf.westeros.org/index.php/House_Kenning_of_Harlaw,Kenning of Harlaw,Iron Islands,Ironborn
https://awoiaf.westeros.org/index.php/House_Volmark,Volmark of Volmark,Iron Islands (Shield Islands),Ironborn
https://awoiaf.westeros.org/index.php/House_Harlaw_of_Grey_Garden,Harlaw of Grey Garden,Iron Islands (Shield Islands),Ironborn
https://awoiaf.westeros.org/index.php/Nute,Nute of Oakenshield,Iron Islands (Shield Islands),Ironborn
https://awoiaf.westeros.org/index.php/Andrik_the_Unsmiling,Andrik of Southshield,Iron Islands (Shield Islands),Ironborn
https://awoiaf.westeros.org/index.php/House_Hoare,Hoare of Orkmont,Iron Islands (origin); Riverlands,Ironborn
https://awoiaf.westeros.org/index.php/House_Xho,Xho,Jhala,Summer Islander
https://awoiaf.westeros.org/index.php/House_Qo,Qo,Jhala,Summer Islander
https://awoiaf.westeros.org/index.php/House_Xaq,Xaq,Koj,Summer Islander
https://awoiaf.westeros.org/index.php/House_Haen,Haen,Lys,Lysene
https://awoiaf.westeros.org/index.php/House_Rogare,Rogare,Lys,Lysene
https://awoiaf.westeros.org/index.php/House_of_Rhazdar,Rhazdar,Meereen,Ghiscari
https://awoiaf.westeros.org/index.php/House_of_Hazkar,Hazkar,Meereen,Ghiscari
https://awoiaf.westeros.org/index.php/House_of_Galare,Galare,Meereen,Ghiscari
https://awoiaf.westeros.org/index.php/House_of_Loraq,Loraq,Meereen,Ghiscari
https://awoiaf.westeros.org/index.php/House_of_Kandaq,Kandaq,Meereen,Ghiscari
https://awoiaf.westeros.org/index.php/House_of_Yherizan,Yherizan,Meereen,Ghiscari
https://awoiaf.westeros.org/index.php/House_of_Zhak,Zhak,Meereen,Ghiscari
https://awoiaf.westeros.org/index.php/House_of_Dhazak,Dhazak,Meereen,Ghiscari
https://awoiaf.westeros.org/index.php/House_of_Merreq,Merreq,Meereen,Ghiscari
https://awoiaf.westeros.org/index.php/House_of_Reznak,Reznak,Meereen,Ghiscari
https://awoiaf.westeros.org/index.php/House_of_Quazzar,Quazzar,Meereen,Ghiscari
https://awoiaf.westeros.org/index.php/House_of_Pahl,Pahl,Meereen,Ghiscari
https://awoiaf.westeros.org/index.php/House_of_Naqqan,Naqqan,Meereen,Ghiscari
https://awoiaf.westeros.org/index.php/House_of_Ghazeen,Ghazeen,Meereen,Ghiscari
https://awoiaf.westeros.org/index.php/House_of_Uhlez,Uhlez,Meereen,Ghiscari
https://awoiaf.westeros.org/index.php/House_Poole,Poole,North,First Men
https://awoiaf.westeros.org/index.php/House_Lake_(north),Lake,North,First Men
https://awoiaf.westeros.org/index.php/House_Ryswell,Ryswell of the Rills,North,First Men
https://awoiaf.westeros.org/index.php/House_Lightfoot,Lightfoot,North,First Men
https://awoiaf.westeros.org/index.php/House_Mollen,Mollen,North,First Men
https://awoiaf.westeros.org/index.php/House_Redbeard,Redbeard,North,First Men
https://awoiaf.westeros.org/index.php/House_Slate,Slate of Blackpool,North,First Men
https://awoiaf.westeros.org/index.php/House_Mormont,Mormont of Bear Island,North,First Men
https://awoiaf.westeros.org/index.php/House_Locke,Locke of Oldcastle,North,First Men
https://awoiaf.westeros.org/index.php/House_Karstark,Karstark of Karhold,North,First Men
https://awoiaf.westeros.org/index.php/House_Marsh,Marsh,North,First Men
https://awoiaf.westeros.org/index.php/House_Ironsmith,Ironsmith,North,First Men
https://awoiaf.westeros.org/index.php/House_Moss,Moss,North,First Men
https://awoiaf.westeros.org/index.php/House_Greystark,Greystark of the Wolf's Den,North,First Men
https://awoiaf.westeros.org/index.php/House_Long,Long,North,First Men
https://awoiaf.westeros.org/index.php/House_Ryder,Ryder of the Rills,North,First Men
https://awoiaf.westeros.org/index.php/House_Hornwood,Hornwood of Hornwood,North,First Men
https://awoiaf.westeros.org/index.php/House_Woolfield,Woolfield,North,First Men
https://awoiaf.westeros.org/index.php/House_Greenwood,Greenwood,North,First Men
https://awoiaf.westeros.org/index.php/House_Holt_(north),Holt,North,First Men
https://awoiaf.westeros.org/index.php/House_Frost,Frost,North,First Men
https://awoiaf.westeros.org/index.php/House_Wells_(north),Wells,North,First Men
https://awoiaf.westeros.org/index.php/House_Towers_(north),Towers,North,First Men
https://awoiaf.westeros.org/index.php/House_Stout,Stout of Goldgrass,North,First Men
https://awoiaf.westeros.org/index.php/House_Stark,Stark of Winterfell,North,First Men
https://awoiaf.westeros.org/index.php/House_Fisher_of_the_Stony_Shore,Fisher of the Stony Shore,North,First Men
https://awoiaf.westeros.org/index.php/House_Flint_of_Breakstone_Hill,Flint of Breakstone Hill,North,First Men
https://awoiaf.westeros.org/index.php/House_Flint_of_Flint%27s_Finger,Flint of Flint's Finger,North,First Men
https://awoiaf.westeros.org/index.php/House_Flint_of_Widow%27s_Watch,Flint of Widow's Watch,North,First Men
https://awoiaf.westeros.org/index.php/House_Bolton_of_Winterfell,Bolton of Winterfell,North,First Men
https://awoiaf.westeros.org/index.php/House_Cerwyn,Cerwyn of Castle Cerwyn,North,First Men
https://awoiaf.westeros.org/index.php/House_Tallhart,Tallhart of Torrhen's Square,North,First Men
https://awoiaf.westeros.org/index.php/House_Dustin,Dustin of Barrowton,North,First Men
https://awoiaf.westeros.org/index.php/House_Thenn,Thenn,North,First Men
https://awoiaf.westeros.org/index.php/House_Condon,Condon,North,First Men
https://awoiaf.westeros.org/index.php/House_Whitehill,Whitehill of Highpoint,North,First Men
https://awoiaf.westeros.org/index.php/House_Ashwood,Ashwood,North,First Men
https://awoiaf.westeros.org/index.php/House_Bolton,Bolton of the Dreadfort,North,First Men
https://awoiaf.westeros.org/index.php/House_Waterman,Waterman,North,First Men
https://awoiaf.westeros.org/index.php/House_Woodfoot,Woodfoot of Bear Island,North,First Men
https://awoiaf.westeros.org/index.php/House_Overton,Overton,North,First Men
https://awoiaf.westeros.org/index.php/House_Glover,Glover of Deepwood Motte,North,First Men
https://awoiaf.westeros.org/index.php/House_Amber,Amber,North,First Men
https://awoiaf.westeros.org/index.php/House_Cassel,Cassel,North,First Men
https://awoiaf.westeros.org/index.php/House_Umber,Umber of the Last Hearth,North,First Men
https://awoiaf.westeros.org/index.php/House_Blackmyre,Blackmyre,North (Crannogmen),First Men
https://awoiaf.westeros.org/index.php/House_Fenn,Fenn,North (Crannogmen),First Men
https://awoiaf.westeros.org/index.php/House_Greengood,Greengood,North (Crannogmen),First Men
https://awoiaf.westeros.org/index.php/House_Cray,Cray,North (Crannogmen),First Men
https://awoiaf.westeros.org/index.php/House_Peat,Peat,North (Crannogmen),First Men
https://awoiaf.westeros.org/index.php/House_Reed,Reed of Greywater Watch,North (Crannogmen),First Men
https://awoiaf.westeros.org/index.php/House_Quagg,Quagg,North (Crannogmen),First Men
https://awoiaf.westeros.org/index.php/House_Boggs_(north),Boggs,North (Crannogmen),First Men
https://awoiaf.westeros.org/index.php/House_Wull,Wull,North (Mountain Clans),First Men
https://awoiaf.westeros.org/index.php/House_Knott,Knott,North (Mountain Clans),First Men
https://awoiaf.westeros.org/index.php/House_Liddle,Liddle,North (Mountain Clans),First Men
https://awoiaf.westeros.org/index.php/House_Norrey,Norrey,North (Mountain Clans),First Men
https://awoiaf.westeros.org/index.php/House_Burley,Burley,North (Mountain Clans),First Men
https://awoiaf.westeros.org/index.php/House_Flint_of_the_mountains,Flint of the mountains,North (Mountain Clans),First Men
https://awoiaf.westeros.org/index.php/House_Harclay,Harclay,North (Mountain Clans),First Men
https://awoiaf.westeros.org/index.php/House_Stane,Stane of Driftwood Hall,North (Skagosi Clans),First Men
https://awoiaf.westeros.org/index.php/House_Magnar,Magnar of Kingshouse,North (Skagosi Clans),First Men
https://awoiaf.westeros.org/index.php/House_Crowl,Crowl of Deepdown,North (Skagosi Clans),First Men
https://awoiaf.westeros.org/index.php/House_Branch,Branch,North (Wolfswood Clans),First Men
https://awoiaf.westeros.org/index.php/House_Woods,Woods,North (Wolfswood Clans),First Men
https://awoiaf.westeros.org/index.php/House_Forrester,Forrester,North (Wolfswood Clans),First Men
https://awoiaf.westeros.org/index.php/House_Bole,Bole,North (Wolfswood Clans),First Men
https://awoiaf.westeros.org/index.php/House_Manderly,Manderly of White Harbor,North; Reach (formerly),Andal
https://awoiaf.westeros.org/index.php/House_Varner,Varner,Reach,Andal
https://awoiaf.westeros.org/index.php/House_Redwyne,Redwyne of the Arbor,Reach,Andal
https://awoiaf.westeros.org/index.php/House_Yelshire,Yelshire,Reach,Andal
https://awoiaf.westeros.org/index.php/House_Bridges,Bridges,Reach,Andal
https://awoiaf.westeros.org/index.php/House_Redding,Redding,Reach,Andal
https://awoiaf.westeros.org/index.php/House_Rhysling,Rhysling,Reach,Andal
https://awoiaf.westeros.org/index.php/House_Lyberr,Lyberr,Reach,Andal
https://awoiaf.westeros.org/index.php/House_Sloane,Sloane,Reach,Andal
https://awoiaf.westeros.org/index.php/House_Blackbar,Blackbar of Bandallon,Reach,Andal
https://awoiaf.westeros.org/index.php/House_Osgrey,Osgrey of Standfast,Reach,Andal
https://awoiaf.westeros.org/index.php/House_Osgrey_of_Leafy_Lake,Osgrey of Leafy Lake,Reach,Andal
https://awoiaf.westeros.org/index.php/House_Orme,Orme,Reach,Andal
https://awoiaf.westeros.org/index.php/House_Oldflowers,Oldflowers,Reach,Andal
https://awoiaf.westeros.org/index.php/House_Oakheart,Oakheart of Old Oak,Reach,Andal
https://awoiaf.westeros.org/index.php/House_Peake,Peake of Starpike,Reach,Andal
https://awoiaf.westeros.org/index.php/House_Ambrose,Ambrose,Reach,Andal
https://awoiaf.westeros.org/index.php/House_Norridge,Norridge,Reach,Andal
https://awoiaf.westeros.org/index.php/House_Norcross,Norcross,Reach,Andal
https://awoiaf.westeros.org/index.php/House_Vyrwel,Vyrwel of Darkdell,Reach,Andal
https://awoiaf.westeros.org/index.php/House_Appleton,Appleton of Appleton,Reach,Andal
https://awoiaf.westeros.org/index.php/House_Mullendore,Mullendore of Uplands,Reach,Andal
https://awoiaf.westeros.org/index.php/House_Webber,Webber of Coldmoat,Reach,Andal
https://awoiaf.westeros.org/index.php/House_Wythers,Wythers,Reach,Andal
https://awoiaf.westeros.org/index.php/House_Uffering,Uffering,Reach,Andal
https://awoiaf.westeros.org/index.php/House_Ball,Ball,Reach,Andal
https://awoiaf.westeros.org/index.php/House_Middlebury,Middlebury,Reach,Andal
https://awoiaf.westeros.org/index.php/House_Beesbury,Beesbury of Honeyholt,Reach,Andal
https://awoiaf.westeros.org/index.php/House_Merryweather,Merryweather of Longtable,Reach,Andal
https://awoiaf.westeros.org/index.php/House_Meadows,Meadows of Grassy Vale,Reach,Andal
https://awoiaf.westeros.org/index.php/House_Ashford,Ashford of Ashford,Reach,Andal
https://awoiaf.westeros.org/index.php/House_Pommingham,Pommingham,Reach,Andal
https://awoiaf.westeros.org/index.php/House_Lowther,Lowther,Reach,Andal
https://awoiaf.westeros.org/index.php/House_Bulwer,Bulwer of Blackcrown,Reach,Andal
https://awoiaf.westeros.org/index.php/House_Cordwayner,Cordwayner of Hammerhal,Reach,Andal
https://awoiaf.westeros.org/index.php/House_Costayne,Costayne of the Three Towers,Reach,Andal
https://awoiaf.westeros.org/index.php/House_Inchfield,Inchfield,Reach,Andal
https://awoiaf.westeros.org/index.php/House_Hutcheson,Hutcheson,Reach,Andal
https://awoiaf.westeros.org/index.php/House_Roxton,Roxton of the Ring,Reach,Andal
https://awoiaf.westeros.org/index.php/House_Hunt,Hunt,Reach,Andal
https://awoiaf.westeros.org/index.php/House_Leygood,Leygood,Reach,Andal
https://awoiaf.westeros.org/index.php/House_Crane,Crane of Red Lake,Reach,Andal
https://awoiaf.westeros.org/index.php/House_Woodwright,Woodwright,Reach,Andal
https://awoiaf.westeros.org/index.php/House_Tarly,Tarly of Horn Hill,Reach,Andal
https://awoiaf.westeros.org/index.php/House_Cuy,Cuy of Sunhouse,Reach,Andal
https://awoiaf.westeros.org/index.php/House_Willum,Willum,Reach,Andal
https://awoiaf.westeros.org/index.php/House_Dunn,Dunn,Reach,Andal
https://awoiaf.westeros.org/index.php/House_Hightower,Hightower of Oldtown,Reach,Andal
https://awoiaf.westeros.org/index.php/House_Fossoway_of_Cider_Hall,Fossoway of Cider Hall,Reach,Andal
https://awoiaf.westeros.org/index.php/House_Durwell,Durwell,Reach,Andal
https://awoiaf.westeros.org/index.php/House_Footly,Footly of Tumbleton,Reach,Andal
https://awoiaf.westeros.org/index.php/House_Florent,Florent of Brightwater Keep,Reach,Andal
https://awoiaf.westeros.org/index.php/House_Fossoway_of_New_Barrel,Fossoway of New Barrel,Reach,Andal
https://awoiaf.westeros.org/index.php/House_Hastwyck,Hastwyck,Reach,Andal
https://awoiaf.westeros.org/index.php/House_Stackhouse,Stackhouse,Reach,Andal
https://awoiaf.westeros.org/index.php/House_Risley,Risley of Risley Glade,Reach,Andal
https://awoiaf.westeros.org/index.php/House_Tyrell,Tyrell of Highgarden,Reach,Andal
https://awoiaf.westeros.org/index.php/House_Bushy,Bushy,Reach,Andal
https://awoiaf.westeros.org/index.php/House_Tyrell_of_Brightwater_Keep,Tyrell of Brightwater Keep,Reach,Andal
https://awoiaf.westeros.org/index.php/House_Graves,Graves,Reach,Andal
https://awoiaf.westeros.org/index.php/House_Shermer,Shermer of Smithyton,Reach,Andal
https://awoiaf.westeros.org/index.php/House_Gardener,Gardener of Highgarden,Reach,Andal
https://awoiaf.westeros.org/index.php/House_Caswell,Caswell of Bitterbridge,Reach,Andal
https://awoiaf.westeros.org/index.php/House_Graceford,Graceford of Holyhall,Reach,Andal
https://awoiaf.westeros.org/index.php/House_Kidwell,Kidwell of Ivy Hall,Reach,Andal
https://awoiaf.westeros.org/index.php/House_Cobb,Cobb,Reach,Andal
https://awoiaf.westeros.org/index.php/House_Cockshaw,Cockshaw,Reach,Andal
https://awoiaf.westeros.org/index.php/House_Rowan,Rowan of Goldengrove,Reach,Andal
https://awoiaf.westeros.org/index.php/House_Conklyn,Conklyn,Reach,Andal
https://awoiaf.westeros.org/index.php/House_Westbrook,Westbrook,Reach,Andal
https://awoiaf.westeros.org/index.php/House_Hewett,Hewett of Oakenshield,Reach (Shield Islands),Andal
https://awoiaf.westeros.org/index.php/House_Serry,Serry of Southshield,Reach (Shield Islands),Andal
https://awoiaf.westeros.org/index.php/House_Chester,Chester of Greenshield,Reach (Shield Islands),Andal
https://awoiaf.westeros.org/index.php/House_Grimm,Grimm of Greyshield,Reach (Shield Islands),Andal
https://awoiaf.westeros.org/index.php/House_Wode,Wode,Riverlands,Andal
https://awoiaf.westeros.org/index.php/House_Smallwood,Smallwood of Acorn Hall,Riverlands,Andal
https://awoiaf.westeros.org/index.php/House_Shawney,Shawney,Riverlands,Andal
https://awoiaf.westeros.org/index.php/House_Wayn,Wayn,Riverlands,Andal
https://awoiaf.westeros.org/index.php/House_Pemford,Pemford,Riverlands,Andal
https://awoiaf.westeros.org/index.php/House_Ryger,Ryger of Willow Wood,Riverlands,Andal
https://awoiaf.westeros.org/index.php/House_Perryn,Perryn,Riverlands,Andal
https://awoiaf.westeros.org/index.php/House_Piper,Piper of Pinkmaiden,Riverlands,Andal
https://awoiaf.westeros.org/index.php/House_Vypren,Vypren,Riverlands,Andal
https://awoiaf.westeros.org/index.php/House_Teague,Teague,Riverlands,Andal
https://awoiaf.westeros.org/index.php/House_Qoherys,Qoherys of Harrenhal,Riverlands,Andal
https://awoiaf.westeros.org/index.php/House_Terrick,Terrick,Riverlands,Andal
https://awoiaf.westeros.org/index.php/House_Whent,Whent of Harrenhal,Riverlands,Andal
https://awoiaf.westeros.org/index.php/House_Vance_of_Wayfarer%27s_Rest,Vance of Wayfarer's Rest,Riverlands,Andal
https://awoiaf.westeros.org/index.php/House_Tully,Tully of Riverrun,Riverlands,Andal
https://awoiaf.westeros.org/index.php/House_Roote,Roote of Lord Harroway's Town,Riverlands,Andal
https://awoiaf.westeros.org/index.php/House_Vance_of_Atranta,Vance of Atranta,Riverlands,Andal
https://awoiaf.westeros.org/index.php/House_Strong,Strong of Harrenhal,Riverlands,Andal
https://awoiaf.westeros.org/index.php/House_Towers_of_Harrenhal,Towers of Harrenhal,Riverlands,Andal
https://awoiaf.westeros.org/index.php/House_Justman,Justman,Riverlands,Andal
https://awoiaf.westeros.org/index.php/House_Paege,Paege,Riverlands,Andal
https://awoiaf.westeros.org/index.php/House_Charlton,Charlton,Riverlands,Andal
https://awoiaf.westeros.org/index.php/House_Haigh,Haigh,Riverlands,Andal
https://awoiaf.westeros.org/index.php/House_Lolliston,Lolliston,Riverlands,Andal
https://awoiaf.westeros.org/index.php/House_Cox,Cox of Saltpans,Riverlands,Andal
https://awoiaf.westeros.org/index.php/House_Darry,Darry of Darry,Riverlands,Andal
https://awoiaf.westeros.org/index.php/House_Lannister_of_Darry,Lannister of Darry,Riverlands,Andal
https://awoiaf.westeros.org/index.php/House_Deddings,Deddings,Riverlands,Andal
https://awoiaf.westeros.org/index.php/House_Keath,Keath,Riverlands,Andal
https://awoiaf.westeros.org/index.php/House_Chambers,Chambers,Riverlands,Andal
https://awoiaf.westeros.org/index.php/House_Erenford,Erenford,Riverlands,Andal
https://awoiaf.westeros.org/index.php/House_Fisher,Fisher of the Misty Isle,Riverlands,Andal
https://awoiaf.westeros.org/index.php/House_Heddle,Heddle,Riverlands,Andal
https://awoiaf.westeros.org/index.php/House_Hawick,Hawick of Saltpans,Riverlands,Andal
https://awoiaf.westeros.org/index.php/House_Frey_of_Riverrun,Frey of Riverrun,Riverlands,Andal
https://awoiaf.westeros.org/index.php/House_Harroway,Harroway of Harrenhal,Riverlands,Andal
https://awoiaf.westeros.org/index.php/House_Frey,Frey of the Crossing,Riverlands,Andal
https://awoiaf.westeros.org/index.php/House_Goodbrook,Goodbrook,Riverlands,Andal
https://awoiaf.westeros.org/index.php/House_Grell,Grell,Riverlands,Andal
https://awoiaf.westeros.org/index.php/House_Hook,Hook,Riverlands,Andal
https://awoiaf.westeros.org/index.php/House_Lothston,Lothston of Harrenhal,Riverlands,Andal
https://awoiaf.westeros.org/index.php/House_Grey,Grey,Riverlands,Andal
https://awoiaf.westeros.org/index.php/House_Mooton,Mooton of Maidenpool,Riverlands,Andal
https://awoiaf.westeros.org/index.php/House_Nutt,Nutt,Riverlands,Andal
https://awoiaf.westeros.org/index.php/House_Lychester,Lychester,Riverlands,Andal
https://awoiaf.westeros.org/index.php/House_Mallister,Mallister of Seagard,Riverlands,Andal
https://awoiaf.westeros.org/index.php/House_Mudd,Mudd of Oldstones,Riverlands,Andal
https://awoiaf.westeros.org/index.php/House_Butterwell,Butterwell of Whitewalls,Riverlands,Andal
https://awoiaf.westeros.org/index.php/House_Nayland,Nayland of Hag's Mire,Riverlands,Andal
https://awoiaf.westeros.org/index.php/House_Baelish_of_Harrenhal,Baelish of Harrenhal,Riverlands,Andal
https://awoiaf.westeros.org/index.php/House_Blanetree,Blanetree,Riverlands,Andal
https://awoiaf.westeros.org/index.php/House_Bracken,Bracken of Stone Hedge,Riverlands,Andal
https://awoiaf.westeros.org/index.php/House_Bigglestone,Bigglestone,Riverlands,Andal
https://awoiaf.westeros.org/index.php/House_Blackwood,Blackwood of Raventree Hall,Riverlands; North (formerly),First Men
https://awoiaf.westeros.org/index.php/House_Wylde,Wylde of Rain House,Stormlands,Andal
https://awoiaf.westeros.org/index.php/House_Baratheon,Baratheon of Storm's End,Stormlands,Andal
https://awoiaf.westeros.org/index.php/House_Wensington,Wensington,Stormlands,Andal
https://awoiaf.westeros.org/index.php/House_Gower,Gower,Stormlands,Andal
https://awoiaf.westeros.org/index.php/House_Grandison,Grandison of Grandview,Stormlands,Andal
https://awoiaf.westeros.org/index.php/House_Wagstaff,Wagstaff,Stormlands,Andal
https://awoiaf.westeros.org/index.php/House_Fell,Fell of Felwood,Stormlands,Andal
https://awoiaf.westeros.org/index.php/House_Trant,Trant of Gallowsgrey,Stormlands,Andal
https://awoiaf.westeros.org/index.php/House_Errol,Errol of Haystack Hall,Stormlands,Andal
https://awoiaf.westeros.org/index.php/House_Durrandon,Durrandon,Stormlands,Andal
https://awoiaf.westeros.org/index.php/House_Swygert,Swygert,Stormlands,Andal
https://awoiaf.westeros.org/index.php/House_Bolling,Bolling,Stormlands,Andal
https://awoiaf.westeros.org/index.php/House_Brownhill_(stormlands),Brownhill,Stormlands,Andal
https://awoiaf.westeros.org/index.php/House_Tarth,Tarth of Evenfall Hall,Stormlands,Andal
https://awoiaf.westeros.org/index.php/House_Buckler,Buckler of Bronzegate,Stormlands,Andal
https://awoiaf.westeros.org/index.php/House_Connington,Connington of Griffin's Roost,Stormlands,Andal
https://awoiaf.westeros.org/index.php/House_Whitehead,Whitehead of the Weeping Town,Stormlands,Andal
https://awoiaf.westeros.org/index.php/House_Cafferen,Cafferen of Fawnton,Stormlands,Andal
https://awoiaf.westeros.org/index.php/House_Tudbury,Tudbury,Stormlands,Andal
https://awoiaf.westeros.org/index.php/House_Toyne,Toyne,Stormlands,Andal
https://awoiaf.westeros.org/index.php/House_Estermont,Estermont of Greenstone,Stormlands,Andal
https://awoiaf.westeros.org/index.php/House_Cole,Cole,Stormlands,Andal
https://awoiaf.westeros.org/index.php/House_Staedmon,Staedmon of Broad Arch,Stormlands,Andal
https://awoiaf.westeros.org/index.php/House_Horpe,Horpe,Stormlands,Andal
https://awoiaf.westeros.org/index.php/House_Peasebury,Peasebury of Poddingfield,Stormlands,Andal
https://awoiaf.westeros.org/index.php/House_Musgood,Musgood,Stormlands,Andal
https://awoiaf.westeros.org/index.php/House_Rogers,Rogers of Amberly,Stormlands,Andal
https://awoiaf.westeros.org/index.php/House_Lonmouth,Lonmouth,Stormlands,Andal
https://awoiaf.westeros.org/index.php/House_Kellington,Kellington,Stormlands,Andal
https://awoiaf.westeros.org/index.php/House_Penrose,Penrose of Parchments,Stormlands,Andal
https://awoiaf.westeros.org/index.php/House_Seaworth,Seaworth of Cape Wrath,Stormlands,Andal
https://awoiaf.westeros.org/index.php/House_Mertyns,Mertyns of Mistwood,Stormlands,Andal
https://awoiaf.westeros.org/index.php/House_Hasty,Hasty,Stormlands,Andal
https://awoiaf.westeros.org/index.php/House_Morrigen,Morrigen of Crow's Nest,Stormlands,Andal
https://awoiaf.westeros.org/index.php/House_Herston,Herston,Stormlands,Andal
https://awoiaf.westeros.org/index.php/House_Swann,Swann of Stonehelm,Stormlands (Marcher Lords),Andal
https://awoiaf.westeros.org/index.php/House_Caron,Caron of Nightsong,Stormlands (Marcher Lords),Andal
https://awoiaf.westeros.org/index.php/House_Dondarrion,Dondarrion of Blackhaven,Stormlands (Marcher Lords),Andal
https://awoiaf.westeros.org/index.php/House_Selmy,Selmy of Harvest Hall,Stormlands (Marcher Lords),Andal
https://awoiaf.westeros.org/index.php/House_Foote_of_Nightsong,Foote of Nightsong,Stormlands (Marcher Lords),Andal
https://awoiaf.westeros.org/index.php/House_Blackberry,Blackberry,Unknown,Unknown
https://awoiaf.westeros.org/index.php/House_Lansdale,Lansdale,Unknown,Unknown
https://awoiaf.westeros.org/index.php/House_Cupps,Cupps,Unknown,Unknown
https://awoiaf.westeros.org/index.php/House_Weatherwax,Weatherwax,Unknown,Unknown
https://awoiaf.westeros.org/index.php/House_Belgrave,Belgrave,Unknown,Unknown
https://awoiaf.westeros.org/index.php/House_Leek,Leek,Unknown,Unknown
https://awoiaf.westeros.org/index.php/House_Warrick,Warrick,Unknown,Unknown
https://awoiaf.westeros.org/index.php/House_Rankenfell,Rankenfell,Unknown,Unknown
https://awoiaf.westeros.org/index.php/House_Mandrake,Mandrake,Unknown,Unknown
https://awoiaf.westeros.org/index.php/House_Bush,Bush,Unknown,Unknown
https://awoiaf.westeros.org/index.php/House_Wormwood,Wormwood,Unknown,Unknown
https://awoiaf.westeros.org/index.php/House_Qhoqua,Qhoqua,Unknown,Unknown
https://awoiaf.westeros.org/index.php/House_Potter,Potter,Unknown,Unknown
https://awoiaf.westeros.org/index.php/House_Bourney,Bourney,Unknown,Unknown
https://awoiaf.westeros.org/index.php/House_Penny,Penny,Unknown,Unknown
https://awoiaf.westeros.org/index.php/House_Groves,Groves,Unknown,Unknown
https://awoiaf.westeros.org/index.php/House_Whitfield,Whitfield,Unknown,Unknown
https://awoiaf.westeros.org/index.php/House_Sweet,Sweet,Unknown,Unknown
https://awoiaf.westeros.org/index.php/House_Ruskyn,Ruskyn,Unknown,Unknown
https://awoiaf.westeros.org/index.php/House_Straw,Straw,Unknown,Unknown
https://awoiaf.westeros.org/index.php/House_Foxglove,Foxglove,Unknown,Unknown
https://awoiaf.westeros.org/index.php/House_Greenhill,Greenhill,Unknown,Unknown
https://awoiaf.westeros.org/index.php/House_Sawyer,Sawyer,Unknown,Unknown
https://awoiaf.westeros.org/index.php/House_Strickland,Strickland,Unknown,Unknown
https://awoiaf.westeros.org/index.php/House_Goode,Goode,Unknown,Unknown
https://awoiaf.westeros.org/index.php/House_Farrow,Farrow,Unknown,Unknown
https://awoiaf.westeros.org/index.php/House_Suggs,Suggs,Unknown,Unknown
https://awoiaf.westeros.org/index.php/House_Donniger,Donniger,Vale of Arryn,Andal
https://awoiaf.westeros.org/index.php/House_Hersy,Hersy of Newkeep,Vale of Arryn,Andal
https://awoiaf.westeros.org/index.php/House_Moore,Moore,Vale of Arryn,Andal
https://awoiaf.westeros.org/index.php/House_Grafton,Grafton of Gulltown,Vale of Arryn,Andal
https://awoiaf.westeros.org/index.php/House_Belmore,Belmore of Strongsong,Vale of Arryn,Andal
https://awoiaf.westeros.org/index.php/House_Waxley,Waxley of Wickenden,Vale of Arryn,Andal
https://awoiaf.westeros.org/index.php/House_Shett_of_Gulltown,Shett of Gulltown,Vale of Arryn,Andal
https://awoiaf.westeros.org/index.php/House_Waynwood,Waynwood of Ironoaks,Vale of Arryn,Andal
https://awoiaf.westeros.org/index.php/House_Shett_of_Gull_Tower,Shett of Gull Tower,Vale of Arryn,Andal
https://awoiaf.westeros.org/index.php/House_Baelish,Baelish of the Fingers,Vale of Arryn,Braavosi
https://awoiaf.westeros.org/index.php/House_Wydman,Wydman,Vale of Arryn,Andal
https://awoiaf.westeros.org/index.php/House_Arryn,Arryn of the Eyrie,Vale of Arryn,Andal
https://awoiaf.westeros.org/index.php/House_Arryn_of_Gulltown,Arryn of Gulltown,Vale of Arryn,Andal
https://awoiaf.westeros.org/index.php/House_Hardyng,Hardyng,Vale of Arryn,Andal
https://awoiaf.westeros.org/index.php/House_Woodhull,Woodhull,Vale of Arryn,Andal
https://awoiaf.westeros.org/index.php/House_Ruthermont,Ruthermont,Vale of Arryn,Andal
https://awoiaf.westeros.org/index.php/House_Upcliff,Upcliff of the Witch Isle,Vale of Arryn,Andal
https://awoiaf.westeros.org/index.php/House_Brightstone,Brightstone,Vale of Arryn,Andal
https://awoiaf.westeros.org/index.php/House_Coldwater,Coldwater of Coldwater Burn,Vale of Arryn,Andal
https://awoiaf.westeros.org/index.php/House_Templeton,Templeton of Ninestars,Vale of Arryn,Andal
https://awoiaf.westeros.org/index.php/House_Tollett,Tollett of the Grey Glen,Vale of Arryn,Andal
https://awoiaf.westeros.org/index.php/House_Breakstone,Breakstone,Vale of Arryn,Andal
https://awoiaf.westeros.org/index.php/House_Redfort,Redfort of Redfort,Vale of Arryn,Andal
https://awoiaf.westeros.org/index.php/House_Corbray,Corbray of Heart's Home,Vale of Arryn,Andal
https://awoiaf.westeros.org/index.php/House_Shell_(Vale),Shell,Vale of Arryn,Andal
https://awoiaf.westeros.org/index.php/House_Elesham,Elesham of the Paps,Vale of Arryn,Andal
https://awoiaf.westeros.org/index.php/House_Egen,Egen,Vale of Arryn,Andal
https://awoiaf.westeros.org/index.php/House_Melcolm,Melcolm of Old Anchor,Vale of Arryn,Andal
https://awoiaf.westeros.org/index.php/House_Pryor,Pryor of Pebble,Vale of Arryn,Andal
https://awoiaf.westeros.org/index.php/House_Royce_of_the_Gates_of_the_Moon,Royce of the Gates of the Moon,Vale of Arryn,First Men
https://awoiaf.westeros.org/index.php/House_Royce,Royce of Runestone,Vale of Arryn,First Men
https://awoiaf.westeros.org/index.php/House_Hunter,Hunter of Longbow Hall,Vale of Arryn,Andal
https://awoiaf.westeros.org/index.php/House_Lynderly,Lynderly of Snakewood,Vale of Arryn,Andal
https://awoiaf.westeros.org/index.php/House_Lipps,Lipps,Vale of Arryn,Andal
https://awoiaf.westeros.org/index.php/House_Torrent,Torrent of Littlesister,Vale of Arryn (Sistermen),Andal
https://awoiaf.westeros.org/index.php/House_Borrell,Borrell of Sweetsister,Vale of Arryn (Sistermen),Andal
https://awoiaf.westeros.org/index.php/House_Sunderland,Sunderland of the Three Sisters,Vale of Arryn (Sistermen),Andal
https://awoiaf.westeros.org/index.php/House_Longthorpe,Longthorpe of Longsister,Vale of Arryn (Sistermen),Andal
https://awoiaf.westeros.org/index.php/House_Yew,Yew,Westerlands,Andal
https://awoiaf.westeros.org/index.php/House_Yarwyck,Yarwyck,Westerlands,Andal
https://awoiaf.westeros.org/index.php/House_Algood,Algood,Westerlands,Andal
https://awoiaf.westeros.org/index.php/House_Vikary,Vikary,Westerlands,Andal
https://awoiaf.westeros.org/index.php/House_Kenning_of_Kayce,Kenning of Kayce,Westerlands,Andal
https://awoiaf.westeros.org/index.php/House_Jast,Jast,Westerlands,Andal
https://awoiaf.westeros.org/index.php/House_Hetherspoon,Hetherspoon,Westerlands,Andal
https://awoiaf.westeros.org/index.php/House_Westerling,Westerling of the Crag,Westerlands,Andal
https://awoiaf.westeros.org/index.php/House_Hamell,Hamell,Westerlands,Andal
https://awoiaf.westeros.org/index.php/House_Greenfield,Greenfield of Greenfield,Westerlands,Andal
https://awoiaf.westeros.org/index.php/House_Garner,Garner,Westerlands,Andal
https://awoiaf.westeros.org/index.php/House_Foote,Foote,Westerlands,Andal
https://awoiaf.westeros.org/index.php/House_Ferren,Ferren,Westerlands,Andal
https://awoiaf.westeros.org/index.php/House_Farman,Farman of Faircastle,Westerlands,Andal
https://awoiaf.westeros.org/index.php/House_Kyndall,Kyndall,Westerlands,Andal
https://awoiaf.westeros.org/index.php/House_Falwell,Falwell,Westerlands,Andal
https://awoiaf.westeros.org/index.php/House_Drox,Drox,Westerlands,Andal
https://awoiaf.westeros.org/index.php/House_Doggett,Doggett,Westerlands,Andal
https://awoiaf.westeros.org/index.php/House_Crakehall,Crakehall of Crakehall,Westerlands,Andal
https://awoiaf.westeros.org/index.php/House_Clifton,Clifton,Westerlands,Andal
https://awoiaf.westeros.org/index.php/House_Clegane,Clegane of Clegane's Keep,Westerlands,Andal
https://awoiaf.westeros.org/index.php/House_Casterly,Casterly of Casterly Rock,Westerlands,Andal
https://awoiaf.westeros.org/index.php/House_Broom,Broom,Westerlands,Andal
https://awoiaf.westeros.org/index.php/House_Brax,Brax of Hornvale,Westerlands,Andal
https://awoiaf.westeros.org/index.php/House_Bettley,Bettley,Westerlands,Andal
https://awoiaf.westeros.org/index.php/House_Banefort,Banefort of Banefort,Westerlands,Andal
https://awoiaf.westeros.org/index.php/House_Estren,Estren of Wyndhall,Westerlands,Andal
https://awoiaf.westeros.org/index.php/House_Lannett,Lannett,Westerlands,Andal
https://awoiaf.westeros.org/index.php/House_Hawthorne,Hawthorne,Westerlands,Andal
https://awoiaf.westeros.org/index.php/House_Lannister_of_Lannisport,Lannister of Lannisport,Westerlands,Andal
https://awoiaf.westeros.org/index.php/House_Turnberry,Turnberry,Westerlands,Andal
https://awoiaf.westeros.org/index.php/House_Tarbeck,Tarbeck of Tarbeck Hall,Westerlands,Andal
https://awoiaf.westeros.org/index.php/House_Swyft,Swyft of Cornfield,Westerlands,Andal
https://awoiaf.westeros.org/index.php/House_Stackspear,Stackspear,Westerlands,Andal
https://awoiaf.westeros.org/index.php/House_Spicer,Spicer of Castamere,Westerlands,Andal
https://awoiaf.westeros.org/index.php/House_Serrett,Serrett of Silverhill,Westerlands,Andal
https://awoiaf.westeros.org/index.php/House_Sarsfield,Sarsfield of Sarsfield,Westerlands,Andal
https://awoiaf.westeros.org/index.php/House_Ruttiger,Ruttiger,Westerlands,Andal
https://awoiaf.westeros.org/index.php/House_Lannister,Lannister of Casterly Rock,Westerlands,Andal
https://awoiaf.westeros.org/index.php/House_Prester,Prester of Feastfires,Westerlands,Andal
https://awoiaf.westeros.org/index.php/House_Plumm,Plumm,Westerlands,Andal
https://awoiaf.westeros.org/index.php/House_Peckledon,Peckledon,Westerlands,Andal
https://awoiaf.westeros.org/index.php/House_Payne,Payne,Westerlands,Andal
https://awoiaf.westeros.org/index.php/House_Reyne,Reyne of Castamere,Westerlands,Andal
https://awoiaf.westeros.org/index.php/House_Lefford,Lefford of the Golden Tooth,Westerlands,Andal
https://awoiaf.westeros.org/index.php/House_Parren,Parren,Westerlands,Andal
https://awoiaf.westeros.org/index.php/House_Lantell,Lantell,Westerlands,Andal
https://awoiaf.westeros.org/index.php/House_Lydden,Lydden of Deep Den,Westerlands,Andal
https://awoiaf.westeros.org/index.php/House_Lorch,Lorch,Westerlands,Andal
https://awoiaf.westeros.org/index.php/House_Moreland,Moreland,Westerlands,Andal
https://awoiaf.westeros.org/index.php/House_Myatt,Myatt,Westerlands,Andal
https://awoiaf.westeros.org/index.php/House_Marbrand,Marbrand of Ashemark,Westerlands,Andal
https://awoiaf.westeros.org/index.php/House_Lanny,Lanny,Westerlands,Andal
https://awoiaf.westeros.org/index.php/Purple_emperors,Purple emperors,Yi Ti,YiTish
https://awoiaf.westeros.org/index.php/Pearl-white_emperors,Pearl-white emperors,Yi Ti,YiTish
https://awoiaf.westeros.org/index.php/Scarlet_emperors,Scarlet emperors,Yi Ti,YiTish
https://awoiaf.westeros.org/index.php/Orange_emperors,Orange emperors,Yi Ti,YiTish
https://awoiaf.westeros.org/index.php/Maroon_emperors,Maroon emperors,Yi Ti,YiTish
https://awoiaf.westeros.org/index.php/Jade-green_emperors,Jade-green emperors,Yi Ti,YiTish
https://awoiaf.westeros.org/index.php/Indigo_emperors,Indigo emperors,Yi Ti,YiTish
https://awoiaf.westeros.org/index.php/Grey_emperors,Grey emperors,Yi Ti,YiTish
https://awoiaf.westeros.org/index.php/Yellow_emperors,Yellow emperors,Yi Ti,YiTish
https://awoiaf.westeros.org/index.php/Sea-green_emperors,Sea-green emperors,Yi Ti,YiTish
https://awoiaf.westeros.org/index.php/Azure_emperors,Azure emperors,Yi Ti,YiTish
https://awoiaf.westeros.org/index.php/House_of_Ahlaq,Ahlaq,Yunkai,Ghiscari
https://awoiaf.westeros.org/index.php/House_of_Zherzyn,Zherzyn,Yunkai,Ghiscari
https://awoiaf.westeros.org/index.php/House_of_Eraz,Eraz,Yunkai,Ghiscari
https://awoiaf.westeros.org/index.php/House_of_Yunzak,Yunzak,Yunkai,Ghiscari
https://awoiaf.westeros.org/index.php/House_of_Faez,Faez,Yunkai,Ghiscari
https://awoiaf.westeros.org/index.php/House_of_Rhaezn,Rhaezn,Yunkai,Ghiscari
https://awoiaf.westeros.org/index.php/House_of_Qaggaz,Qaggaz,Yunkai,Ghiscari
https://awoiaf.westeros.org/index.php/House_of_Myraq,Myraq,Yunkai,Ghiscari
